i(id), p(parent1), p(parent2), g(EBV), u(upperbound), h(inbreeding)
1, 0, 0, -3.7820920000000000, 0, 0.0000000000000000
2, 0, 0, -2.9301360000000001, 0, 0.0000000000000000
3, 0, 0, -18.4301600000000010, 0, 0.0000000000000000
4, 0, 0, 5.6487069999999999, 0, 0.0000000000000000
5, 0, 0, -14.4842600000000010, 0, 0.0000000000000000
6, 0, 0, 0.0766770000000000, 0, 0.0000000000000000
7, 0, 0, 17.3810900000000000, 0, 0.0000000000000000
8, 0, 0, -11.1111799999999990, 0, 0.0000000000000000
9, 0, 0, -8.7179160000000007, 0, 0.0000000000000000
10, 0, 0, -1.8023720000000001, 0, 0.0000000000000000
11, 0, 0, -8.1526530000000008, 0, 0.0000000000000000
12, 0, 0, 13.7622400000000000, 0, 0.0000000000000000
13, 0, 0, 10.0516000000000010, 0, 0.0000000000000000
14, 0, 0, 5.1959510000000000, 0, 0.0000000000000000
15, 0, 0, -4.5366020000000002, 0, 0.0000000000000000
16, 0, 0, -8.1852680000000007, 0, 0.0000000000000000
17, 0, 0, 7.6312179999999996, 0, 0.0000000000000000
18, 0, 0, 19.3791400000000000, 0, 0.0000000000000000
19, 0, 0, 7.8277419999999998, 0, 0.0000000000000000
20, 0, 0, 0.0255880000000000, 0, 0.0000000000000000
21, 0, 0, 5.4943140000000001, 0, 0.0000000000000000
22, 0, 0, -9.3501829999999995, 0, 0.0000000000000000
23, 0, 0, 14.4863700000000010, 0, 0.0000000000000000
24, 0, 0, -5.3983999999999996, 0, 0.0000000000000000
25, 0, 0, -10.0833900000000000, 0, 0.0000000000000000
26, 0, 0, 22.7946199999999980, 0, 0.0000000000000000
27, 0, 0, -5.4887220000000001, 0, 0.0000000000000000
28, 0, 0, -14.0016599999999990, 0, 0.0000000000000000
29, 0, 0, 7.1042280000000000, 0, 0.0000000000000000
30, 0, 0, 2.8339680000000000, 0, 0.0000000000000000
31, 0, 0, 6.0458460000000001, 0, 0.0000000000000000
32, 0, 0, -5.3857379999999999, 0, 0.0000000000000000
33, 0, 0, -8.7186599999999999, 0, 0.0000000000000000
34, 0, 0, 0.3253780000000000, 0, 0.0000000000000000
35, 0, 0, 20.1248399999999990, 0, 0.0000000000000000
36, 0, 0, 13.3826300000000010, 0, 0.0000000000000000
37, 0, 0, 4.8638459999999997, 0, 0.0000000000000000
38, 0, 0, 3.5412330000000001, 0, 0.0000000000000000
39, 0, 0, -6.2748330000000001, 0, 0.0000000000000000
40, 0, 0, -1.7430880000000000, 0, 0.0000000000000000
41, 0, 0, -4.4581920000000004, 0, 0.0000000000000000
42, 0, 0, 3.6694840000000002, 0, 0.0000000000000000
43, 0, 0, 3.6678549999999999, 0, 0.0000000000000000
44, 0, 0, 1.5201769999999999, 0, 0.0000000000000000
45, 0, 0, 3.6192510000000002, 0, 0.0000000000000000
46, 0, 0, -10.4652800000000000, 0, 0.0000000000000000
47, 0, 0, -8.8892159999999993, 0, 0.0000000000000000
48, 0, 0, 9.4095730000000000, 0, 0.0000000000000000
49, 0, 0, -8.9924569999999999, 0, 0.0000000000000000
50, 0, 0, -6.7906829999999996, 0, 0.0000000000000000
51, 15, 3, -29.7248200000000010, 2800, 0.0000000000000000
52, 15, 3, -28.2544600000000020, 2800, 0.0000000000000000
53, 15, 3, -4.1644170000000003, 2800, 0.0000000000000000
54, 15, 3, -19.5077700000000010, 2800, 0.0000000000000000
55, 50, 3, -9.7112449999999999, 2800, 0.0000000000000000
56, 50, 3, 3.0935169999999999, 2800, 0.0000000000000000
57, 50, 3, -18.1237400000000020, 2800, 0.0000000000000000
58, 50, 3, -16.8333799999999980, 2800, 0.0000000000000000
59, 46, 15, -4.5597110000000001, 2800, 0.0000000000000000
60, 46, 15, -5.7169119999999998, 2800, 0.0000000000000000
61, 46, 15, -13.5699400000000010, 2800, 0.0000000000000000
62, 46, 15, -2.3169059999999999, 2800, 0.0000000000000000
63, 50, 11, -26.5508500000000010, 2800, 0.0000000000000000
64, 50, 11, -7.7636000000000003, 2800, 0.0000000000000000
65, 50, 11, -10.4789900000000000, 2800, 0.0000000000000000
66, 50, 11, -1.3228839999999999, 2800, 0.0000000000000000
67, 46, 22, -17.1189700000000010, 2800, 0.0000000000000000
68, 46, 22, -8.6815090000000001, 2800, 0.0000000000000000
69, 46, 22, -17.7838800000000000, 2800, 0.0000000000000000
70, 46, 22, -3.7274850000000002, 2800, 0.0000000000000000
71, 30, 11, -0.2389630000000000, 2800, 0.0000000000000000
72, 30, 11, 0.2578820000000000, 2800, 0.0000000000000000
73, 30, 11, -7.4931760000000001, 2800, 0.0000000000000000
74, 30, 11, 1.3987309999999999, 2800, 0.0000000000000000
75, 22, 1, 6.0390400000000000, 2800, 0.0000000000000000
76, 22, 1, -7.1174010000000001, 2800, 0.0000000000000000
77, 22, 1, -25.0750999999999990, 2800, 0.0000000000000000
78, 22, 1, -16.4958199999999980, 2800, 0.0000000000000000
79, 35, 30, 12.4857300000000000, 2800, 0.0000000000000000
80, 35, 30, 15.7878600000000000, 2800, 0.0000000000000000
81, 35, 30, 10.0676299999999990, 2800, 0.0000000000000000
82, 35, 30, 5.2573990000000004, 2800, 0.0000000000000000
83, 38, 1, -13.6662700000000010, 2800, 0.0000000000000000
84, 38, 1, 3.0745740000000001, 2800, 0.0000000000000000
85, 38, 1, -8.0169490000000003, 2800, 0.0000000000000000
86, 38, 1, 9.5755769999999991, 2800, 0.0000000000000000
87, 35, 13, 18.0758300000000000, 2800, 0.0000000000000000
88, 35, 13, 13.2263000000000000, 2800, 0.0000000000000000
89, 35, 13, 14.9862199999999990, 2800, 0.0000000000000000
90, 35, 13, 7.0894029999999999, 2800, 0.0000000000000000
91, 38, 4, -0.2459270000000000, 2800, 0.0000000000000000
92, 38, 4, 0.4784410000000000, 2800, 0.0000000000000000
93, 38, 4, 10.7439900000000000, 2800, 0.0000000000000000
94, 38, 4, 7.0903039999999997, 2800, 0.0000000000000000
95, 13, 10, 1.4105340000000000, 2800, 0.0000000000000000
96, 13, 10, 9.0832899999999999, 2800, 0.0000000000000000
97, 13, 10, 4.8296859999999997, 2800, 0.0000000000000000
98, 13, 10, -1.2034929999999999, 2800, 0.0000000000000000
99, 27, 4, 13.4755600000000000, 2800, 0.0000000000000000
100, 27, 4, 10.2710399999999990, 2800, 0.0000000000000000
101, 27, 4, 7.5977649999999999, 2800, 0.0000000000000000
102, 27, 4, -7.2080089999999997, 2800, 0.0000000000000000
103, 28, 10, -11.1419900000000000, 2800, 0.0000000000000000
104, 28, 10, -19.7612200000000020, 2800, 0.0000000000000000
105, 28, 10, -11.0789000000000010, 2800, 0.0000000000000000
106, 28, 10, -12.7742400000000010, 2800, 0.0000000000000000
107, 27, 9, -10.6067199999999990, 2800, 0.0000000000000000
108, 27, 9, -9.8578749999999999, 2800, 0.0000000000000000
109, 27, 9, -0.6154960000000000, 2800, 0.0000000000000000
110, 27, 9, -8.1355950000000004, 2800, 0.0000000000000000
111, 41, 28, -3.8163330000000002, 2800, 0.0000000000000000
112, 41, 28, 0.6847970000000000, 2800, 0.0000000000000000
113, 41, 28, -12.5788899999999990, 2800, 0.0000000000000000
114, 41, 28, -2.1391079999999998, 2800, 0.0000000000000000
115, 17, 9, -3.1988390000000000, 2800, 0.0000000000000000
116, 17, 9, -3.1171970000000000, 2800, 0.0000000000000000
117, 17, 9, -5.3694139999999999, 2800, 0.0000000000000000
118, 17, 9, -2.6934200000000001, 2800, 0.0000000000000000
119, 41, 14, -10.0462500000000010, 2800, 0.0000000000000000
120, 41, 14, 7.3186099999999996, 2800, 0.0000000000000000
121, 41, 14, 6.2266599999999999, 2800, 0.0000000000000000
122, 41, 14, 7.5524370000000003, 2800, 0.0000000000000000
123, 17, 2, 5.8819179999999998, 2800, 0.0000000000000000
124, 17, 2, -3.4602230000000000, 2800, 0.0000000000000000
125, 17, 2, 9.7414439999999995, 2800, 0.0000000000000000
126, 17, 2, 9.0011729999999996, 2800, 0.0000000000000000
127, 45, 14, 2.2940529999999999, 2800, 0.0000000000000000
128, 45, 14, 11.9294300000000000, 2800, 0.0000000000000000
129, 45, 14, 12.8103700000000010, 2800, 0.0000000000000000
130, 45, 14, 7.2145000000000001, 2800, 0.0000000000000000
131, 16, 2, -23.5457600000000010, 2800, 0.0000000000000000
132, 16, 2, 1.6000970000000001, 2800, 0.0000000000000000
133, 16, 2, -6.1926360000000003, 2800, 0.0000000000000000
134, 16, 2, -8.2599719999999994, 2800, 0.0000000000000000
135, 45, 24, 2.8736510000000002, 2800, 0.0000000000000000
136, 45, 24, -6.3627079999999996, 2800, 0.0000000000000000
137, 45, 24, -5.1651049999999996, 2800, 0.0000000000000000
138, 45, 24, 12.5930000000000000, 2800, 0.0000000000000000
139, 40, 16, -5.5452450000000004, 2800, 0.0000000000000000
140, 40, 16, 10.7141500000000000, 2800, 0.0000000000000000
141, 40, 16, -9.1055299999999999, 2800, 0.0000000000000000
142, 40, 16, -6.4027640000000003, 2800, 0.0000000000000000
143, 32, 24, -3.5614629999999998, 2800, 0.0000000000000000
144, 32, 24, -0.0314100000000000, 2800, 0.0000000000000000
145, 32, 24, -2.4570349999999999, 2800, 0.0000000000000000
146, 32, 24, -19.5902900000000000, 2800, 0.0000000000000000
147, 40, 39, 3.4312659999999999, 2800, 0.0000000000000000
148, 40, 39, -10.3906300000000000, 2800, 0.0000000000000000
149, 40, 39, 3.5696720000000002, 2800, 0.0000000000000000
150, 40, 39, 3.3659710000000000, 2800, 0.0000000000000000
151, 43, 32, -3.1548479999999999, 2800, 0.0000000000000000
152, 43, 32, -12.1533500000000000, 2800, 0.0000000000000000
153, 43, 32, 7.9987459999999997, 2800, 0.0000000000000000
154, 43, 32, -7.5541200000000002, 2800, 0.0000000000000000
155, 39, 8, 0.5264270000000000, 2800, 0.0000000000000000
156, 39, 8, -4.9115520000000004, 2800, 0.0000000000000000
157, 39, 8, 1.4277280000000001, 2800, 0.0000000000000000
158, 39, 8, -6.3695909999999998, 2800, 0.0000000000000000
159, 43, 6, -11.9987600000000010, 2800, 0.0000000000000000
160, 43, 6, 3.6511760000000000, 2800, 0.0000000000000000
161, 43, 6, -2.5673029999999999, 2800, 0.0000000000000000
162, 43, 6, 10.4055599999999990, 2800, 0.0000000000000000
163, 48, 8, -14.1960800000000000, 2800, 0.0000000000000000
164, 48, 8, -5.8823730000000003, 2800, 0.0000000000000000
165, 48, 8, -0.1808060000000000, 2800, 0.0000000000000000
166, 48, 8, -5.1104279999999997, 2800, 0.0000000000000000
167, 21, 6, 1.6238550000000000, 2800, 0.0000000000000000
168, 21, 6, 5.1911509999999996, 2800, 0.0000000000000000
169, 21, 6, 5.8627200000000004, 2800, 0.0000000000000000
170, 21, 6, 7.7914510000000003, 2800, 0.0000000000000000
171, 48, 34, 10.2445600000000000, 2800, 0.0000000000000000
172, 48, 34, 5.5839439999999998, 2800, 0.0000000000000000
173, 48, 34, -8.3765959999999993, 2800, 0.0000000000000000
174, 48, 34, -1.2920830000000001, 2800, 0.0000000000000000
175, 29, 21, 8.3191340000000000, 2800, 0.0000000000000000
176, 29, 21, -1.3901859999999999, 2800, 0.0000000000000000
177, 29, 21, 15.1257699999999990, 2800, 0.0000000000000000
178, 29, 21, 7.5171919999999997, 2800, 0.0000000000000000
179, 34, 19, -2.6372529999999998, 2800, 0.0000000000000000
180, 34, 19, 10.7712900000000000, 2800, 0.0000000000000000
181, 34, 19, 11.4770800000000010, 2800, 0.0000000000000000
182, 34, 19, -2.0348310000000001, 2800, 0.0000000000000000
183, 29, 20, 9.3586810000000007, 2800, 0.0000000000000000
184, 29, 20, -1.0071660000000000, 2800, 0.0000000000000000
185, 29, 20, 5.2086020000000000, 2800, 0.0000000000000000
186, 29, 20, 5.7004560000000000, 2800, 0.0000000000000000
187, 33, 19, -5.7428640000000000, 2800, 0.0000000000000000
188, 33, 19, -11.2021000000000000, 2800, 0.0000000000000000
189, 33, 19, -2.4951150000000002, 2800, 0.0000000000000000
190, 33, 19, 7.7710699999999999, 2800, 0.0000000000000000
191, 44, 20, 2.1713809999999998, 2800, 0.0000000000000000
192, 44, 20, -5.1194819999999996, 2800, 0.0000000000000000
193, 44, 20, 4.1245170000000000, 2800, 0.0000000000000000
194, 44, 20, -4.0641619999999996, 2800, 0.0000000000000000
195, 33, 25, -4.9486049999999997, 2800, 0.0000000000000000
196, 33, 25, -10.3242499999999990, 2800, 0.0000000000000000
197, 33, 25, -4.0589060000000003, 2800, 0.0000000000000000
198, 33, 25, -7.6268149999999997, 2800, 0.0000000000000000
199, 44, 18, 15.6930900000000000, 2800, 0.0000000000000000
200, 44, 18, 10.7616300000000000, 2800, 0.0000000000000000
201, 44, 18, -0.5502210000000000, 2800, 0.0000000000000000
202, 44, 18, -5.1606730000000001, 2800, 0.0000000000000000
203, 25, 5, 0.7301290000000000, 2800, 0.0000000000000000
204, 25, 5, -18.9253100000000000, 2800, 0.0000000000000000
205, 25, 5, -9.4044340000000002, 2800, 0.0000000000000000
206, 25, 5, -15.8447499999999990, 2800, 0.0000000000000000
207, 18, 12, 25.5824700000000010, 2800, 0.0000000000000000
208, 18, 12, 10.5914199999999990, 2800, 0.0000000000000000
209, 18, 12, 13.7344000000000010, 2800, 0.0000000000000000
210, 18, 12, 14.0312400000000000, 2800, 0.0000000000000000
211, 26, 5, -1.5538730000000001, 2800, 0.0000000000000000
212, 26, 5, -0.1161630000000000, 2800, 0.0000000000000000
213, 26, 5, 0.7488500000000000, 2800, 0.0000000000000000
214, 26, 5, -3.1022609999999999, 2800, 0.0000000000000000
215, 36, 12, 12.0965000000000010, 2800, 0.0000000000000000
216, 36, 12, 14.4232400000000000, 2800, 0.0000000000000000
217, 36, 12, 11.7578999999999990, 2800, 0.0000000000000000
218, 36, 12, 8.5109410000000008, 2800, 0.0000000000000000
219, 47, 26, 16.2808800000000000, 2800, 0.0000000000000000
220, 47, 26, -3.5446629999999999, 2800, 0.0000000000000000
221, 47, 26, -4.6718099999999998, 2800, 0.0000000000000000
222, 47, 26, 9.3070970000000006, 2800, 0.0000000000000000
223, 36, 31, 3.6512669999999998, 2800, 0.0000000000000000
224, 36, 31, 7.4640510000000004, 2800, 0.0000000000000000
225, 36, 31, 5.2136030000000000, 2800, 0.0000000000000000
226, 36, 31, 3.9695540000000000, 2800, 0.0000000000000000
227, 47, 42, 1.6384430000000001, 2800, 0.0000000000000000
228, 47, 42, -5.7581220000000002, 2800, 0.0000000000000000
229, 47, 42, 1.0780470000000000, 2800, 0.0000000000000000
230, 47, 42, -3.1061280000000000, 2800, 0.0000000000000000
231, 31, 23, 13.6612500000000010, 2800, 0.0000000000000000
232, 31, 23, 18.3908899999999990, 2800, 0.0000000000000000
233, 31, 23, -8.2283939999999998, 2800, 0.0000000000000000
234, 31, 23, 9.9651099999999992, 2800, 0.0000000000000000
235, 42, 7, 7.8416860000000002, 2800, 0.0000000000000000
236, 42, 7, 9.0604779999999998, 2800, 0.0000000000000000
237, 42, 7, 17.6540500000000020, 2800, 0.0000000000000000
238, 42, 7, 27.9537400000000000, 2800, 0.0000000000000000
239, 37, 23, 17.0530599999999990, 2800, 0.0000000000000000
240, 37, 23, 16.6033399999999990, 2800, 0.0000000000000000
241, 37, 23, 26.4265399999999990, 2800, 0.0000000000000000
242, 37, 23, -7.7859330000000000, 2800, 0.0000000000000000
243, 49, 7, -1.0268240000000000, 2800, 0.0000000000000000
244, 49, 7, -0.8809300000000000, 2800, 0.0000000000000000
245, 49, 7, 13.3958100000000010, 2800, 0.0000000000000000
246, 49, 7, -12.2023800000000000, 2800, 0.0000000000000000
247, 49, 37, 1.3466990000000001, 2800, 0.0000000000000000
248, 49, 37, -3.3910250000000000, 2800, 0.0000000000000000
249, 49, 37, -12.4888499999999990, 2800, 0.0000000000000000
250, 49, 37, 2.9951970000000001, 2800, 0.0000000000000000
251, 232, 160, 14.5992099999999990, 2800, 0.0000000000000000
252, 232, 160, 2.7355659999999999, 2800, 0.0000000000000000
253, 232, 160, 13.2245200000000000, 2800, 0.0000000000000000
254, 232, 160, 17.4270099999999990, 2800, 0.0000000000000000
255, 240, 232, 23.4413899999999980, 2800, 0.1250000000000000
256, 240, 232, 16.6517599999999990, 2800, 0.1250000000000000
257, 240, 232, 4.9976729999999998, 2800, 0.1250000000000000
258, 240, 232, 17.1079000000000010, 2800, 0.1250000000000000
259, 201, 160, -11.3815500000000010, 2800, 0.0000000000000000
260, 201, 160, -0.4072570000000000, 2800, 0.0000000000000000
261, 201, 160, -10.9517700000000000, 2800, 0.0000000000000000
262, 201, 160, 4.9955280000000002, 2800, 0.0000000000000000
263, 240, 155, 5.3450389999999999, 2800, 0.0000000000000000
264, 240, 155, 12.5644200000000000, 2800, 0.0000000000000000
265, 240, 155, 1.4908889999999999, 2800, 0.0000000000000000
266, 240, 155, 5.2836449999999999, 2800, 0.0000000000000000
267, 201, 88, -4.5655190000000001, 2800, 0.0000000000000000
268, 201, 88, -3.8865110000000000, 2800, 0.0000000000000000
269, 201, 88, 7.9089150000000004, 2800, 0.0000000000000000
270, 201, 88, -3.2224759999999999, 2800, 0.0000000000000000
271, 155, 92, 3.9518620000000002, 2800, 0.0000000000000000
272, 155, 92, 6.1700410000000003, 2800, 0.0000000000000000
273, 155, 92, 3.7759830000000001, 2800, 0.0000000000000000
274, 155, 92, -5.4926320000000004, 2800, 0.0000000000000000
275, 222, 88, 10.6753000000000000, 2800, 0.0000000000000000
276, 222, 88, 5.8619240000000001, 2800, 0.0000000000000000
277, 222, 88, 2.8601070000000002, 2800, 0.0000000000000000
278, 222, 88, 11.3731600000000000, 2800, 0.0000000000000000
279, 127, 92, 7.7089889999999999, 2800, 0.0000000000000000
280, 127, 92, 2.3581979999999998, 2800, 0.0000000000000000
281, 127, 92, 0.9455540000000000, 2800, 0.0000000000000000
282, 127, 92, -1.2505700000000000, 2800, 0.0000000000000000
283, 225, 222, 0.4570940000000000, 2800, 0.0000000000000000
284, 225, 222, 10.6533400000000000, 2800, 0.0000000000000000
285, 225, 222, 12.0488400000000000, 2800, 0.0000000000000000
286, 225, 222, 9.1668930000000000, 2800, 0.0000000000000000
287, 231, 127, 9.4677150000000001, 2800, 0.0000000000000000
288, 231, 127, 7.7248780000000004, 2800, 0.0000000000000000
289, 231, 127, 12.0626300000000000, 2800, 0.0000000000000000
290, 231, 127, 6.9404019999999997, 2800, 0.0000000000000000
291, 243, 225, 16.1308800000000010, 2800, 0.0000000000000000
292, 243, 225, 0.8018120000000000, 2800, 0.0000000000000000
293, 243, 225, -0.8145680000000000, 2800, 0.0000000000000000
294, 243, 225, 5.4048100000000003, 2800, 0.0000000000000000
295, 231, 168, 8.3566470000000006, 2800, 0.0000000000000000
296, 231, 168, 2.1048469999999999, 2800, 0.0000000000000000
297, 231, 168, -0.8891630000000000, 2800, 0.0000000000000000
298, 231, 168, 10.3929500000000010, 2800, 0.0000000000000000
299, 243, 227, -0.4237460000000000, 2800, 0.0000000000000000
300, 243, 227, 2.7662520000000002, 2800, 0.0000000000000000
301, 243, 227, 6.1855339999999996, 2800, 0.0000000000000000
302, 243, 227, -7.6269590000000003, 2800, 0.0000000000000000
303, 202, 168, -1.5208189999999999, 2800, 0.0000000000000000
304, 202, 168, -2.4100130000000002, 2800, 0.0000000000000000
305, 202, 168, 7.2622660000000003, 2800, 0.0000000000000000
306, 202, 168, 0.9212390000000000, 2800, 0.0000000000000000
307, 227, 209, 13.1487800000000000, 2800, 0.0000000000000000
308, 227, 209, 6.5883370000000001, 2800, 0.0000000000000000
309, 227, 209, 3.3637320000000002, 2800, 0.0000000000000000
310, 227, 209, 2.3120550000000000, 2800, 0.0000000000000000
311, 202, 112, -12.3150900000000000, 2800, 0.0000000000000000
312, 202, 112, 3.8409689999999999, 2800, 0.0000000000000000
313, 202, 112, -3.2828450000000000, 2800, 0.0000000000000000
314, 202, 112, -1.6826669999999999, 2800, 0.0000000000000000
315, 209, 74, -0.3278960000000000, 2800, 0.0000000000000000
316, 209, 74, 5.7348049999999997, 2800, 0.0000000000000000
317, 209, 74, 4.8099330000000000, 2800, 0.0000000000000000
318, 209, 74, 4.0437890000000003, 2800, 0.0000000000000000
319, 171, 112, 2.1140949999999998, 2800, 0.0000000000000000
320, 171, 112, 8.5357660000000006, 2800, 0.0000000000000000
321, 171, 112, 17.0895599999999990, 2800, 0.0000000000000000
322, 171, 112, 0.5839870000000000, 2800, 0.0000000000000000
323, 221, 74, 0.8982300000000000, 2800, 0.0000000000000000
324, 221, 74, -6.1887860000000003, 2800, 0.0000000000000000
325, 221, 74, -6.8770220000000002, 2800, 0.0000000000000000
326, 221, 74, 11.1866200000000000, 2800, 0.0000000000000000
327, 173, 171, -2.4196119999999999, 2800, 0.2500000000000000
328, 173, 171, -4.8791950000000002, 2800, 0.2500000000000000
329, 173, 171, 2.7572160000000001, 2800, 0.2500000000000000
330, 173, 171, 6.0748049999999996, 2800, 0.2500000000000000
331, 221, 181, 10.2782300000000010, 2800, 0.0000000000000000
332, 221, 181, 5.1549630000000004, 2800, 0.0000000000000000
333, 221, 181, 7.4645080000000004, 2800, 0.0000000000000000
334, 221, 181, 11.9282400000000010, 2800, 0.0000000000000000
335, 173, 79, 8.3675300000000004, 2800, 0.0000000000000000
336, 173, 79, 16.3142999999999990, 2800, 0.0000000000000000
337, 173, 79, 2.9750730000000001, 2800, 0.0000000000000000
338, 173, 79, 1.0719209999999999, 2800, 0.0000000000000000
339, 181, 167, 19.4723000000000010, 2800, 0.0000000000000000
340, 181, 167, -0.4472840000000000, 2800, 0.0000000000000000
341, 181, 167, -8.3808900000000008, 2800, 0.0000000000000000
342, 181, 167, 8.7637040000000006, 2800, 0.0000000000000000
343, 82, 79, 4.8884210000000001, 2800, 0.2500000000000000
344, 82, 79, 2.1080390000000002, 2800, 0.2500000000000000
345, 82, 79, 3.3369570000000000, 2800, 0.2500000000000000
346, 82, 79, 14.5959600000000000, 2800, 0.2500000000000000
347, 216, 167, 3.6287270000000000, 2800, 0.0000000000000000
348, 216, 167, 14.5053600000000000, 2800, 0.0000000000000000
349, 216, 167, 5.4760359999999997, 2800, 0.0000000000000000
350, 216, 167, 6.4916919999999996, 2800, 0.0000000000000000
351, 237, 82, 1.8807630000000000, 2800, 0.0000000000000000
352, 237, 82, 8.2092440000000000, 2800, 0.0000000000000000
353, 237, 82, 13.9135399999999990, 2800, 0.0000000000000000
354, 237, 82, 13.4946800000000010, 2800, 0.0000000000000000
355, 216, 150, 13.2735299999999990, 2800, 0.0000000000000000
356, 216, 150, -6.7655700000000003, 2800, 0.0000000000000000
357, 216, 150, 14.9392800000000000, 2800, 0.0000000000000000
358, 216, 150, 8.5566639999999996, 2800, 0.0000000000000000
359, 237, 93, 15.1380400000000000, 2800, 0.0000000000000000
360, 237, 93, 20.1754199999999990, 2800, 0.0000000000000000
361, 237, 93, 23.1235399999999980, 2800, 0.0000000000000000
362, 237, 93, 12.5875800000000010, 2800, 0.0000000000000000
363, 150, 120, -0.7903790000000001, 2800, 0.0000000000000000
364, 150, 120, 21.8772200000000010, 2800, 0.0000000000000000
365, 150, 120, 7.9994660000000000, 2800, 0.0000000000000000
366, 150, 120, 4.6550099999999999, 2800, 0.0000000000000000
367, 93, 66, 14.1940600000000000, 2800, 0.0000000000000000
368, 93, 66, 11.8527000000000000, 2800, 0.0000000000000000
369, 93, 66, 4.3669339999999996, 2800, 0.0000000000000000
370, 93, 66, 14.3978100000000000, 2800, 0.0000000000000000
371, 120, 119, -0.9062010000000000, 2800, 0.2500000000000000
372, 120, 119, -4.3184979999999999, 2800, 0.2500000000000000
373, 120, 119, -5.7892000000000001, 2800, 0.2500000000000000
374, 120, 119, -0.0105390000000000, 2800, 0.2500000000000000
375, 130, 66, 8.2341119999999997, 2800, 0.0000000000000000
376, 130, 66, -2.1876799999999998, 2800, 0.0000000000000000
377, 130, 66, -4.1589130000000001, 2800, 0.0000000000000000
378, 130, 66, 4.2921820000000004, 2800, 0.0000000000000000
379, 245, 119, 4.7859170000000004, 2800, 0.0000000000000000
380, 245, 119, -1.9342480000000000, 2800, 0.0000000000000000
381, 245, 119, 13.8545900000000000, 2800, 0.0000000000000000
382, 245, 119, -3.3991570000000002, 2800, 0.0000000000000000
383, 235, 130, -12.3381000000000010, 2800, 0.0000000000000000
384, 235, 130, -0.1097260000000000, 2800, 0.0000000000000000
385, 235, 130, 14.2465100000000010, 2800, 0.0000000000000000
386, 235, 130, 5.9772460000000001, 2800, 0.0000000000000000
387, 245, 97, -1.3527030000000000, 2800, 0.0000000000000000
388, 245, 97, 9.2493630000000007, 2800, 0.0000000000000000
389, 245, 97, 15.8164900000000000, 2800, 0.0000000000000000
390, 245, 97, 8.8175570000000008, 2800, 0.0000000000000000
391, 235, 180, 13.8420200000000000, 2800, 0.0000000000000000
392, 235, 180, 1.5720069999999999, 2800, 0.0000000000000000
393, 235, 180, -0.7153800000000000, 2800, 0.0000000000000000
394, 235, 180, 4.1505470000000004, 2800, 0.0000000000000000
395, 223, 97, -1.3338939999999999, 2800, 0.0000000000000000
396, 223, 97, -0.4556250000000000, 2800, 0.0000000000000000
397, 223, 97, 6.8237470000000000, 2800, 0.0000000000000000
398, 223, 97, 4.0346750000000000, 2800, 0.0000000000000000
399, 180, 159, -9.8835850000000001, 2800, 0.0000000000000000
400, 180, 159, -1.6317600000000001, 2800, 0.0000000000000000
401, 180, 159, 9.1886010000000002, 2800, 0.0000000000000000
402, 180, 159, 3.6446600000000000, 2800, 0.0000000000000000
403, 223, 207, 24.4675100000000010, 2800, 0.0000000000000000
404, 223, 207, 17.3462400000000020, 2800, 0.0000000000000000
405, 223, 207, 16.1360600000000010, 2800, 0.0000000000000000
406, 223, 207, 16.6162400000000010, 2800, 0.0000000000000000
407, 159, 106, -11.9544599999999990, 2800, 0.0000000000000000
408, 159, 106, -13.8113899999999990, 2800, 0.0000000000000000
409, 159, 106, -17.9528600000000010, 2800, 0.0000000000000000
410, 159, 106, -8.8893179999999994, 2800, 0.0000000000000000
411, 214, 207, 18.2526599999999990, 2800, 0.0000000000000000
412, 214, 207, 14.5665099999999990, 2800, 0.0000000000000000
413, 214, 207, 0.5088500000000000, 2800, 0.0000000000000000
414, 214, 207, 6.6120359999999998, 2800, 0.0000000000000000
415, 177, 106, 4.8457229999999996, 2800, 0.0000000000000000
416, 177, 106, 2.0028800000000002, 2800, 0.0000000000000000
417, 177, 106, 11.0553000000000010, 2800, 0.0000000000000000
418, 177, 106, -5.2861240000000000, 2800, 0.0000000000000000
419, 214, 89, -0.8455790000000000, 2800, 0.0000000000000000
420, 214, 89, 2.7018360000000001, 2800, 0.0000000000000000
421, 214, 89, 16.7447500000000000, 2800, 0.0000000000000000
422, 214, 89, 6.0345440000000004, 2800, 0.0000000000000000
423, 177, 71, 8.4257600000000004, 2800, 0.0000000000000000
424, 177, 71, -3.7365080000000002, 2800, 0.0000000000000000
425, 177, 71, 11.0466500000000000, 2800, 0.0000000000000000
426, 177, 71, 11.7824200000000000, 2800, 0.0000000000000000
427, 98, 89, 12.3602300000000000, 2800, 0.1250000000000000
428, 98, 89, 1.2283759999999999, 2800, 0.1250000000000000
429, 98, 89, 8.5638140000000007, 2800, 0.1250000000000000
430, 98, 89, 11.8242800000000000, 2800, 0.1250000000000000
431, 176, 71, -4.6723970000000001, 2800, 0.0000000000000000
432, 176, 71, -2.2170060000000000, 2800, 0.0000000000000000
433, 176, 71, -1.9169570000000000, 2800, 0.0000000000000000
434, 176, 71, -5.8981870000000001, 2800, 0.0000000000000000
435, 149, 98, -0.3311340000000000, 2800, 0.0000000000000000
436, 149, 98, 0.6401020000000000, 2800, 0.0000000000000000
437, 149, 98, 0.2059670000000000, 2800, 0.0000000000000000
438, 149, 98, 10.1958100000000000, 2800, 0.0000000000000000
439, 215, 176, 2.2801999999999998, 2800, 0.0000000000000000
440, 215, 176, 2.6738949999999999, 2800, 0.0000000000000000
441, 215, 176, 9.5261800000000001, 2800, 0.0000000000000000
442, 215, 176, 10.3817100000000000, 2800, 0.0000000000000000
443, 241, 149, 22.7232300000000010, 2800, 0.0000000000000000
444, 241, 149, 9.2264309999999998, 2800, 0.0000000000000000
445, 241, 149, 18.1652300000000010, 2800, 0.0000000000000000
446, 241, 149, 12.1796200000000000, 2800, 0.0000000000000000
447, 241, 215, 6.9703290000000004, 2800, 0.0000000000000000
448, 241, 215, 19.9850800000000000, 2800, 0.0000000000000000
449, 241, 215, 16.2342900000000010, 2800, 0.0000000000000000
450, 241, 215, 24.5594100000000000, 2800, 0.0000000000000000
451, 435, 331, 14.1539900000000000, 2800, 0.0000000000000000
452, 435, 331, 3.6338580000000000, 2800, 0.0000000000000000
453, 435, 331, 2.7319110000000002, 2800, 0.0000000000000000
454, 435, 331, 0.3584560000000000, 2800, 0.0000000000000000
455, 435, 332, 7.6662429999999997, 2800, 0.0000000000000000
456, 435, 332, 1.4045120000000000, 2800, 0.0000000000000000
457, 435, 332, 16.0486299999999990, 2800, 0.0000000000000000
458, 435, 332, -0.3907950000000000, 2800, 0.0000000000000000
459, 331, 326, 11.2882000000000000, 2800, 0.1250000000000000
460, 331, 326, -4.0566540000000000, 2800, 0.1250000000000000
461, 331, 326, 11.1114700000000010, 2800, 0.1250000000000000
462, 331, 326, 7.2879719999999999, 2800, 0.1250000000000000
463, 421, 332, 13.2189400000000000, 2800, 0.0312500000000000
464, 421, 332, 15.8784399999999990, 2800, 0.0312500000000000
465, 421, 332, 9.5105319999999995, 2800, 0.0312500000000000
466, 421, 332, 19.7717999999999990, 2800, 0.0312500000000000
467, 414, 326, 4.6971319999999999, 2800, 0.0312500000000000
468, 414, 326, 11.5467099999999990, 2800, 0.0312500000000000
469, 414, 326, 7.2211569999999998, 2800, 0.0312500000000000
470, 414, 326, 7.8881589999999999, 2800, 0.0312500000000000
471, 421, 403, 24.6096800000000010, 2800, 0.0000000000000000
472, 421, 403, 17.0355899999999990, 2800, 0.0000000000000000
473, 421, 403, 5.9841389999999999, 2800, 0.0000000000000000
474, 421, 403, 18.8738999999999990, 2800, 0.0000000000000000
475, 414, 298, 7.9191330000000004, 2800, 0.0000000000000000
476, 414, 298, 13.6547100000000000, 2800, 0.0000000000000000
477, 414, 298, -1.1377740000000001, 2800, 0.0000000000000000
478, 414, 298, -0.3597690000000000, 2800, 0.0000000000000000
479, 403, 253, 19.3552500000000020, 2800, 0.0312500000000000
480, 403, 253, 23.3963600000000010, 2800, 0.0312500000000000
481, 403, 253, 19.6224200000000020, 2800, 0.0312500000000000
482, 403, 253, 10.5607300000000000, 2800, 0.0312500000000000
483, 298, 254, 7.1545350000000001, 2800, 0.0937500000000000
484, 298, 254, 8.5330809999999992, 2800, 0.0937500000000000
485, 298, 254, 24.5741100000000010, 2800, 0.0937500000000000
486, 298, 254, 17.7217400000000000, 2800, 0.0937500000000000
487, 354, 253, 8.9801040000000008, 2800, 0.0000000000000000
488, 354, 253, 16.5675800000000000, 2800, 0.0000000000000000
489, 354, 253, 12.7702700000000000, 2800, 0.0000000000000000
490, 354, 253, 6.2708880000000002, 2800, 0.0000000000000000
491, 306, 254, 13.0507700000000000, 2800, 0.0312500000000000
492, 306, 254, 4.6461449999999997, 2800, 0.0312500000000000
493, 306, 254, 2.7358080000000000, 2800, 0.0312500000000000
494, 306, 254, 18.0022500000000000, 2800, 0.0312500000000000
495, 422, 354, 8.7943250000000006, 2800, 0.0312500000000000
496, 422, 354, 12.3587000000000010, 2800, 0.0312500000000000
497, 422, 354, 11.8125300000000010, 2800, 0.0312500000000000
498, 422, 354, 6.0213999999999999, 2800, 0.0312500000000000
499, 306, 278, -3.6062630000000002, 2800, 0.0000000000000000
500, 306, 278, 3.5680060000000000, 2800, 0.0000000000000000
501, 306, 278, 7.5619959999999997, 2800, 0.0000000000000000
502, 306, 278, -1.2756410000000000, 2800, 0.0000000000000000
503, 429, 422, 4.0984489999999996, 2800, 0.1562500000000000
504, 429, 422, 2.7015340000000001, 2800, 0.1562500000000000
505, 429, 422, 8.3839900000000007, 2800, 0.1562500000000000
506, 429, 422, 4.5536019999999997, 2800, 0.1562500000000000
507, 278, 257, 1.4377640000000000, 2800, 0.0000000000000000
508, 278, 257, 4.7524519999999999, 2800, 0.0000000000000000
509, 278, 257, 20.3146700000000000, 2800, 0.0000000000000000
510, 278, 257, 16.7156799999999990, 2800, 0.0000000000000000
511, 429, 255, 19.6614399999999990, 2800, 0.0000000000000000
512, 429, 255, 19.1143000000000000, 2800, 0.0000000000000000
513, 429, 255, 20.2132100000000000, 2800, 0.0000000000000000
514, 429, 255, 12.4799000000000010, 2800, 0.0000000000000000
515, 443, 257, 12.0786700000000010, 2800, 0.0937500000000000
516, 443, 257, 5.2090300000000003, 2800, 0.0937500000000000
517, 443, 257, 7.6256240000000002, 2800, 0.0937500000000000
518, 443, 257, 11.2820500000000000, 2800, 0.0937500000000000
519, 359, 255, 22.0714900000000010, 2800, 0.0000000000000000
520, 359, 255, 22.3402800000000000, 2800, 0.0000000000000000
521, 359, 255, 8.7012009999999993, 2800, 0.0000000000000000
522, 359, 255, 17.7509000000000010, 2800, 0.0000000000000000
523, 443, 418, 0.2244710000000000, 2800, 0.0000000000000000
524, 443, 418, 22.2393700000000010, 2800, 0.0000000000000000
525, 443, 418, -1.9233469999999999, 2800, 0.0000000000000000
526, 443, 418, 18.9994500000000000, 2800, 0.0000000000000000
527, 359, 323, 5.2369089999999998, 2800, 0.0000000000000000
528, 359, 323, 13.9110099999999990, 2800, 0.0000000000000000
529, 359, 323, 12.9410000000000010, 2800, 0.0000000000000000
530, 359, 323, 6.6594610000000003, 2800, 0.0000000000000000
531, 440, 418, -3.0024920000000002, 2800, 0.0625000000000000
532, 440, 418, 2.6899660000000001, 2800, 0.0625000000000000
533, 440, 418, -2.2795809999999999, 2800, 0.0625000000000000
534, 440, 418, 11.4761299999999990, 2800, 0.0625000000000000
535, 349, 323, 18.5744100000000000, 2800, 0.0000000000000000
536, 349, 323, 10.5669100000000000, 2800, 0.0000000000000000
537, 349, 323, 5.2545359999999999, 2800, 0.0000000000000000
538, 349, 323, 3.4381309999999998, 2800, 0.0000000000000000
539, 440, 353, 9.0178100000000008, 2800, 0.0000000000000000
540, 440, 353, 12.6033000000000010, 2800, 0.0000000000000000
541, 440, 353, 5.4957190000000002, 2800, 0.0000000000000000
542, 440, 353, 15.9137200000000000, 2800, 0.0000000000000000
543, 349, 283, 12.4867300000000000, 2800, 0.0312500000000000
544, 349, 283, 7.9921040000000003, 2800, 0.0312500000000000
545, 349, 283, 6.5769070000000003, 2800, 0.0312500000000000
546, 349, 283, -7.3837200000000003, 2800, 0.0312500000000000
547, 353, 277, 10.3412000000000010, 2800, 0.0312500000000000
548, 353, 277, 22.5570799999999990, 2800, 0.0312500000000000
549, 353, 277, 12.5981799999999990, 2800, 0.0312500000000000
550, 353, 277, 0.3211210000000000, 2800, 0.0312500000000000
551, 346, 283, 12.2698500000000000, 2800, 0.0000000000000000
552, 346, 283, 7.6155229999999996, 2800, 0.0000000000000000
553, 346, 283, 14.4182200000000000, 2800, 0.0000000000000000
554, 346, 283, 22.8900900000000010, 2800, 0.0000000000000000
555, 437, 277, 11.2164800000000010, 2800, 0.0312500000000000
556, 437, 277, -2.2778109999999998, 2800, 0.0312500000000000
557, 437, 277, 12.2702399999999990, 2800, 0.0312500000000000
558, 437, 277, -8.6790870000000009, 2800, 0.0312500000000000
559, 346, 338, 15.8053300000000000, 2800, 0.1875000000000000
560, 346, 338, 18.2998699999999990, 2800, 0.1875000000000000
561, 346, 338, 9.5668640000000007, 2800, 0.1875000000000000
562, 346, 338, -0.0424340000000000, 2800, 0.1875000000000000
563, 437, 417, 10.9963800000000000, 2800, 0.0312500000000000
564, 437, 417, 6.7022560000000002, 2800, 0.0312500000000000
565, 437, 417, 5.5081369999999996, 2800, 0.0312500000000000
566, 437, 417, 7.7822600000000000, 2800, 0.0312500000000000
567, 450, 338, 25.9053399999999990, 2800, 0.0000000000000000
568, 450, 338, 19.0560900000000010, 2800, 0.0000000000000000
569, 450, 338, 14.8370300000000000, 2800, 0.0000000000000000
570, 450, 338, 23.6149700000000000, 2800, 0.0000000000000000
571, 417, 406, 27.3083800000000000, 2800, 0.0000000000000000
572, 417, 406, 24.7271299999999990, 2800, 0.0000000000000000
573, 417, 406, 17.8028499999999990, 2800, 0.0000000000000000
574, 417, 406, 9.4569229999999997, 2800, 0.0000000000000000
575, 450, 381, 23.2329900000000010, 2800, 0.0000000000000000
576, 450, 381, 9.3966930000000009, 2800, 0.0000000000000000
577, 450, 381, 22.3890899999999990, 2800, 0.0000000000000000
578, 450, 381, 16.8306600000000020, 2800, 0.0000000000000000
579, 442, 406, 12.3166800000000000, 2800, 0.0625000000000000
580, 442, 406, 18.2068800000000020, 2800, 0.0625000000000000
581, 442, 406, 13.1009300000000000, 2800, 0.0625000000000000
582, 442, 406, 9.2589360000000003, 2800, 0.0625000000000000
583, 423, 381, 10.7323400000000010, 2800, 0.0000000000000000
584, 423, 381, 17.2129900000000010, 2800, 0.0000000000000000
585, 423, 381, 9.4828419999999998, 2800, 0.0000000000000000
586, 423, 381, 20.7864200000000000, 2800, 0.0000000000000000
587, 442, 362, 4.7995999999999999, 2800, 0.0000000000000000
588, 442, 362, 27.4169699999999990, 2800, 0.0000000000000000
589, 442, 362, 25.6136300000000010, 2800, 0.0000000000000000
590, 442, 362, -2.0251839999999999, 2800, 0.0000000000000000
591, 423, 269, 6.7706660000000003, 2800, 0.0000000000000000
592, 423, 269, -3.4108049999999999, 2800, 0.0000000000000000
593, 423, 269, 0.7301430000000000, 2800, 0.0000000000000000
594, 423, 269, 12.8801100000000000, 2800, 0.0000000000000000
595, 445, 362, 13.1430700000000000, 2800, 0.0000000000000000
596, 445, 362, 13.8668499999999990, 2800, 0.0000000000000000
597, 445, 362, 11.5047999999999990, 2800, 0.0000000000000000
598, 445, 362, 10.7184300000000000, 2800, 0.0000000000000000
599, 388, 269, -5.7556820000000002, 2800, 0.0312500000000000
600, 388, 269, -1.1071480000000000, 2800, 0.0312500000000000
601, 388, 269, 7.5065929999999996, 2800, 0.0312500000000000
602, 388, 269, 11.8343100000000000, 2800, 0.0312500000000000
603, 445, 268, -0.9055610000000000, 2800, 0.0000000000000000
604, 445, 268, 11.0052200000000000, 2800, 0.0000000000000000
605, 445, 268, 11.6631699999999990, 2800, 0.0000000000000000
606, 445, 268, 6.7060789999999999, 2800, 0.0000000000000000
607, 388, 379, 8.5654419999999991, 2800, 0.1250000000000000
608, 388, 379, 1.4619560000000000, 2800, 0.1250000000000000
609, 388, 379, 2.4067720000000001, 2800, 0.1250000000000000
610, 388, 379, 10.1839000000000000, 2800, 0.1250000000000000
611, 336, 268, -1.1590050000000001, 2800, 0.0312500000000000
612, 336, 268, 9.4034669999999991, 2800, 0.0312500000000000
613, 336, 268, 7.9346100000000002, 2800, 0.0312500000000000
614, 336, 268, 2.7614260000000002, 2800, 0.0312500000000000
615, 413, 379, 4.7047549999999996, 2800, 0.0000000000000000
616, 413, 379, 8.6530989999999992, 2800, 0.0000000000000000
617, 413, 379, 10.7179199999999990, 2800, 0.0000000000000000
618, 413, 379, -1.1780160000000000, 2800, 0.0000000000000000
619, 374, 336, 6.7264439999999999, 2800, 0.0000000000000000
620, 374, 336, -2.2623810000000000, 2800, 0.0000000000000000
621, 374, 336, 19.4864299999999990, 2800, 0.0000000000000000
622, 374, 336, 10.2666400000000010, 2800, 0.0000000000000000
623, 413, 343, -8.5975210000000004, 2800, 0.0000000000000000
624, 413, 343, -1.0929480000000000, 2800, 0.0000000000000000
625, 413, 343, -4.0069900000000001, 2800, 0.0000000000000000
626, 413, 343, 2.3194919999999999, 2800, 0.0000000000000000
627, 374, 342, 18.4940199999999990, 2800, 0.0000000000000000
628, 374, 342, -2.3110810000000002, 2800, 0.0000000000000000
629, 374, 342, 16.2344300000000000, 2800, 0.0000000000000000
630, 374, 342, 4.0262940000000000, 2800, 0.0000000000000000
631, 343, 296, -4.0326230000000001, 2800, 0.0000000000000000
632, 343, 296, 13.2206600000000010, 2800, 0.0000000000000000
633, 343, 296, 0.2548040000000000, 2800, 0.0000000000000000
634, 343, 296, -0.1091690000000000, 2800, 0.0000000000000000
635, 348, 342, 13.1442000000000000, 2800, 0.1250000000000000
636, 348, 342, 15.3571100000000000, 2800, 0.1250000000000000
637, 348, 342, 5.6115360000000001, 2800, 0.1250000000000000
638, 348, 342, 14.3232400000000000, 2800, 0.1250000000000000
639, 372, 296, 0.8881170000000001, 2800, 0.0000000000000000
640, 372, 296, -5.3147820000000001, 2800, 0.0000000000000000
641, 372, 296, 2.7547679999999999, 2800, 0.0000000000000000
642, 372, 296, 8.2489170000000005, 2800, 0.0000000000000000
643, 348, 286, -8.7500400000000003, 2800, 0.0312500000000000
644, 348, 286, -1.5953340000000000, 2800, 0.0312500000000000
645, 348, 286, 14.8230100000000000, 2800, 0.0312500000000000
646, 348, 286, 7.1351110000000002, 2800, 0.0312500000000000
647, 372, 286, -1.1442650000000001, 2800, 0.0000000000000000
648, 372, 286, -8.4774799999999999, 2800, 0.0000000000000000
649, 372, 286, -15.6543899999999990, 2800, 0.0000000000000000
650, 372, 286, 9.4211100000000005, 2800, 0.0000000000000000
651, 595, 552, 25.1048900000000010, 2800, 0.0000000000000000
652, 595, 552, 4.4643819999999996, 2800, 0.0000000000000000
653, 595, 552, 10.9671500000000000, 2800, 0.0000000000000000
654, 595, 552, 10.3788800000000010, 2800, 0.0000000000000000
655, 552, 541, 10.8503200000000000, 2800, 0.0546875000000000
656, 552, 541, -1.4184950000000001, 2800, 0.0546875000000000
657, 552, 541, 0.3528390000000000, 2800, 0.0546875000000000
658, 552, 541, 12.6633000000000000, 2800, 0.0546875000000000
659, 633, 595, 25.9865800000000000, 2800, 0.0078125000000000
660, 633, 595, -2.3786360000000002, 2800, 0.0078125000000000
661, 633, 595, 7.9852249999999998, 2800, 0.0078125000000000
662, 633, 595, 5.5616159999999999, 2800, 0.0078125000000000
663, 541, 497, 11.3876600000000000, 2800, 0.0703125000000000
664, 541, 497, -2.0712570000000001, 2800, 0.0703125000000000
665, 541, 497, 14.6582100000000000, 2800, 0.0703125000000000
666, 541, 497, 0.3198460000000000, 2800, 0.0703125000000000
667, 633, 536, 7.7117699999999996, 2800, 0.0312500000000000
668, 633, 536, 3.2819470000000002, 2800, 0.0312500000000000
669, 633, 536, 9.8637879999999996, 2800, 0.0312500000000000
670, 633, 536, 11.3351000000000010, 2800, 0.0312500000000000
671, 571, 497, 25.0664400000000000, 2800, 0.0000000000000000
672, 571, 497, 21.4952000000000010, 2800, 0.0000000000000000
673, 571, 497, 27.9708100000000000, 2800, 0.0000000000000000
674, 571, 497, 23.7068699999999990, 2800, 0.0000000000000000
675, 540, 536, 8.7882920000000002, 2800, 0.0312500000000000
676, 540, 536, 7.1730309999999999, 2800, 0.0312500000000000
677, 540, 536, 20.1006600000000010, 2800, 0.0312500000000000
678, 540, 536, 1.8067820000000001, 2800, 0.0312500000000000
679, 585, 571, 8.7435229999999997, 2800, 0.0312500000000000
680, 585, 571, 18.3206300000000010, 2800, 0.0312500000000000
681, 585, 571, 26.1966299999999990, 2800, 0.0312500000000000
682, 585, 571, 25.2100700000000020, 2800, 0.0312500000000000
683, 540, 518, 9.0027480000000004, 2800, 0.0000000000000000
684, 540, 518, 1.7780270000000000, 2800, 0.0000000000000000
685, 540, 518, 9.7832950000000007, 2800, 0.0000000000000000
686, 540, 518, 12.4750300000000000, 2800, 0.0000000000000000
687, 585, 559, 3.2834669999999999, 2800, 0.0234375000000000
688, 585, 559, 0.4449000000000000, 2800, 0.0234375000000000
689, 585, 559, 17.1341100000000000, 2800, 0.0234375000000000
690, 585, 559, 10.6409000000000000, 2800, 0.0234375000000000
691, 518, 476, 20.5345200000000010, 2800, 0.0312500000000000
692, 518, 476, 5.2824700000000000, 2800, 0.0312500000000000
693, 518, 476, 15.8319500000000010, 2800, 0.0312500000000000
694, 518, 476, 11.6734100000000010, 2800, 0.0312500000000000
695, 559, 537, 9.7979099999999999, 2800, 0.0234375000000000
696, 559, 537, 11.9367100000000000, 2800, 0.0234375000000000
697, 559, 537, 16.3575500000000000, 2800, 0.0234375000000000
698, 559, 537, 15.7282800000000000, 2800, 0.0234375000000000
699, 564, 476, 25.1823799999999980, 2800, 0.0078125000000000
700, 564, 476, 26.6784700000000010, 2800, 0.0078125000000000
701, 564, 476, 19.3208799999999990, 2800, 0.0078125000000000
702, 564, 476, 3.2463180000000000, 2800, 0.0078125000000000
703, 537, 479, 11.8973200000000010, 2800, 0.0234375000000000
704, 537, 479, 16.0952600000000000, 2800, 0.0234375000000000
705, 537, 479, 2.9823780000000002, 2800, 0.0234375000000000
706, 537, 479, 13.5797800000000000, 2800, 0.0234375000000000
707, 621, 564, 11.0314099999999990, 2800, 0.0000000000000000
708, 621, 564, 15.3558600000000000, 2800, 0.0000000000000000
709, 621, 564, -9.1426770000000008, 2800, 0.0000000000000000
710, 621, 564, 19.1779000000000010, 2800, 0.0000000000000000
711, 492, 479, 18.3435799999999990, 2800, 0.0859375000000000
712, 492, 479, -2.1467179999999999, 2800, 0.0859375000000000
713, 492, 479, 28.2597400000000010, 2800, 0.0859375000000000
714, 492, 479, 8.2836149999999993, 2800, 0.0859375000000000
715, 621, 577, 25.2712600000000020, 2800, 0.0468750000000000
716, 621, 577, 19.4060899999999990, 2800, 0.0468750000000000
717, 621, 577, 23.5012100000000000, 2800, 0.0468750000000000
718, 621, 577, 33.6757500000000010, 2800, 0.0468750000000000
719, 567, 492, 13.3154100000000000, 2800, 0.0078125000000000
720, 567, 492, 10.5472900000000000, 2800, 0.0078125000000000
721, 567, 492, 10.0362200000000000, 2800, 0.0078125000000000
722, 567, 492, 17.2572499999999990, 2800, 0.0078125000000000
723, 577, 554, 26.1888100000000000, 2800, 0.0078125000000000
724, 577, 554, 19.4302800000000000, 2800, 0.0078125000000000
725, 577, 554, 27.5803699999999980, 2800, 0.0078125000000000
726, 577, 554, 28.8500599999999990, 2800, 0.0078125000000000
727, 567, 482, 28.0550299999999990, 2800, 0.0234375000000000
728, 567, 482, 9.1364540000000005, 2800, 0.0234375000000000
729, 567, 482, 13.6150800000000010, 2800, 0.0234375000000000
730, 567, 482, 15.0174200000000000, 2800, 0.0234375000000000
731, 598, 554, 17.5163100000000010, 2800, 0.0000000000000000
732, 598, 554, 12.2680500000000010, 2800, 0.0000000000000000
733, 598, 554, 16.5782500000000010, 2800, 0.0000000000000000
734, 598, 554, 20.7015899999999990, 2800, 0.0000000000000000
735, 546, 482, -3.7172689999999999, 2800, 0.0468750000000000
736, 546, 482, 8.1426680000000005, 2800, 0.0468750000000000
737, 546, 482, -10.2871600000000000, 2800, 0.0468750000000000
738, 546, 482, -0.0222920000000000, 2800, 0.0468750000000000
739, 598, 494, 9.4581830000000000, 2800, 0.0078125000000000
740, 598, 494, 8.1902989999999996, 2800, 0.0078125000000000
741, 598, 494, 15.6794499999999990, 2800, 0.0078125000000000
742, 598, 494, 15.8494499999999990, 2800, 0.0078125000000000
743, 546, 490, 7.3027090000000001, 2800, 0.0156250000000000
744, 546, 490, 0.6071400000000000, 2800, 0.0156250000000000
745, 546, 490, 5.5361260000000003, 2800, 0.0156250000000000
746, 546, 490, -6.6346569999999998, 2800, 0.0156250000000000
747, 543, 494, 11.0184500000000000, 2800, 0.0312500000000000
748, 543, 494, 7.6911139999999998, 2800, 0.0312500000000000
749, 543, 494, 10.6989000000000000, 2800, 0.0312500000000000
750, 543, 494, 18.8469900000000020, 2800, 0.0312500000000000
751, 512, 490, 15.8928700000000000, 2800, 0.0468750000000000
752, 512, 490, 12.2422000000000000, 2800, 0.0468750000000000
753, 512, 490, 18.6564400000000000, 2800, 0.0468750000000000
754, 512, 490, 6.9574870000000004, 2800, 0.0468750000000000
755, 579, 543, 16.0013700000000010, 2800, 0.0625000000000000
756, 579, 543, 20.8477199999999990, 2800, 0.0625000000000000
757, 579, 543, 5.7840290000000003, 2800, 0.0625000000000000
758, 579, 543, 11.2912700000000010, 2800, 0.0625000000000000
759, 589, 512, 14.5120299999999990, 2800, 0.0000000000000000
760, 589, 512, 10.3922399999999990, 2800, 0.0000000000000000
761, 589, 512, 13.4105700000000000, 2800, 0.0000000000000000
762, 589, 512, 16.4373000000000000, 2800, 0.0000000000000000
763, 579, 563, 14.0152500000000000, 2800, 0.0156250000000000
764, 579, 563, 10.8150999999999990, 2800, 0.0156250000000000
765, 579, 563, 11.5429999999999990, 2800, 0.0156250000000000
766, 579, 563, 17.3358800000000000, 2800, 0.0156250000000000
767, 632, 589, 22.0401099999999990, 2800, 0.0078125000000000
768, 632, 589, 19.6282500000000010, 2800, 0.0078125000000000
769, 632, 589, 17.4439600000000010, 2800, 0.0078125000000000
770, 632, 589, 18.1777799999999980, 2800, 0.0078125000000000
771, 563, 485, 14.3940900000000000, 2800, 0.0078125000000000
772, 563, 485, 6.8723739999999998, 2800, 0.0078125000000000
773, 563, 485, 23.5952600000000000, 2800, 0.0078125000000000
774, 563, 485, 31.9140400000000000, 2800, 0.0078125000000000
775, 632, 576, 10.1927299999999990, 2800, 0.0078125000000000
776, 632, 576, 17.6085900000000000, 2800, 0.0078125000000000
777, 632, 576, 9.4668980000000005, 2800, 0.0078125000000000
778, 632, 576, 4.0144590000000004, 2800, 0.0078125000000000
779, 638, 485, 8.3951689999999992, 2800, 0.0468750000000000
780, 638, 485, 28.0333299999999990, 2800, 0.0468750000000000
781, 638, 485, 15.5130800000000000, 2800, 0.0468750000000000
782, 638, 485, 14.2940299999999990, 2800, 0.0468750000000000
783, 576, 464, 18.2476600000000000, 2800, 0.0000000000000000
784, 576, 464, 10.4029600000000000, 2800, 0.0000000000000000
785, 576, 464, 15.5091100000000000, 2800, 0.0000000000000000
786, 576, 464, 15.9081600000000010, 2800, 0.0000000000000000
787, 638, 568, 1.0981190000000001, 2800, 0.0234375000000000
788, 638, 568, 12.5997299999999990, 2800, 0.0234375000000000
789, 638, 568, 26.5180800000000010, 2800, 0.0234375000000000
790, 638, 568, 14.8252299999999990, 2800, 0.0234375000000000
791, 586, 464, 21.1976499999999990, 2800, 0.0000000000000000
792, 586, 464, 16.9340100000000010, 2800, 0.0000000000000000
793, 586, 464, 20.1939099999999990, 2800, 0.0000000000000000
794, 586, 464, 17.3193600000000000, 2800, 0.0000000000000000
795, 568, 483, 12.5863300000000000, 2800, 0.0156250000000000
796, 568, 483, 10.4035499999999990, 2800, 0.0156250000000000
797, 568, 483, -2.1422279999999998, 2800, 0.0156250000000000
798, 568, 483, 22.5700100000000000, 2800, 0.0156250000000000
799, 636, 586, 11.3800800000000000, 2800, 0.0156250000000000
800, 636, 586, 11.7289900000000000, 2800, 0.0156250000000000
801, 636, 586, 22.1420700000000000, 2800, 0.0156250000000000
802, 636, 586, 28.3586800000000000, 2800, 0.0156250000000000
803, 581, 483, 6.3573219999999999, 2800, 0.0234375000000000
804, 581, 483, 11.4152799999999990, 2800, 0.0234375000000000
805, 581, 483, 4.5560159999999996, 2800, 0.0234375000000000
806, 581, 483, 8.3016780000000008, 2800, 0.0234375000000000
807, 636, 488, 32.9161799999999970, 2800, 0.0156250000000000
808, 636, 488, 13.0052000000000000, 2800, 0.0156250000000000
809, 636, 488, 10.5077800000000000, 2800, 0.0156250000000000
810, 636, 488, 27.4671200000000010, 2800, 0.0156250000000000
811, 581, 573, 8.3781820000000007, 2800, 0.1562500000000000
812, 581, 573, 13.6216600000000000, 2800, 0.1562500000000000
813, 581, 573, 17.6436800000000000, 2800, 0.1562500000000000
814, 581, 573, 14.1490500000000010, 2800, 0.1562500000000000
815, 520, 488, 18.7797899999999980, 2800, 0.0703125000000000
816, 520, 488, 24.9432000000000010, 2800, 0.0703125000000000
817, 520, 488, 24.8480999999999990, 2800, 0.0703125000000000
818, 520, 488, 26.2686600000000010, 2800, 0.0703125000000000
819, 573, 562, 3.3678330000000001, 2800, 0.0000000000000000
820, 573, 562, 10.5206000000000000, 2800, 0.0000000000000000
821, 573, 562, 2.3121239999999998, 2800, 0.0000000000000000
822, 573, 562, 6.7577870000000004, 2800, 0.0000000000000000
823, 520, 514, 26.1788799999999990, 2800, 0.1406250000000000
824, 520, 514, 24.3292499999999980, 2800, 0.1406250000000000
825, 520, 514, 29.1949200000000000, 2800, 0.1406250000000000
826, 520, 514, 22.5101900000000010, 2800, 0.1406250000000000
827, 562, 533, -6.7731199999999996, 2800, 0.0000000000000000
828, 562, 533, 4.0897160000000001, 2800, 0.0000000000000000
829, 562, 533, 1.7250680000000000, 2800, 0.0000000000000000
830, 562, 533, 7.6604830000000002, 2800, 0.0000000000000000
831, 588, 514, 21.6035499999999980, 2800, 0.0000000000000000
832, 588, 514, 17.2567200000000010, 2800, 0.0000000000000000
833, 588, 514, 24.4095900000000010, 2800, 0.0000000000000000
834, 588, 514, 24.0398600000000010, 2800, 0.0000000000000000
835, 533, 531, -7.3757640000000002, 2800, 0.2812500000000000
836, 533, 531, -9.0010239999999992, 2800, 0.2812500000000000
837, 533, 531, 0.3370290000000000, 2800, 0.2812500000000000
838, 533, 531, -3.7499129999999998, 2800, 0.2812500000000000
839, 588, 515, 18.7205300000000000, 2800, 0.0000000000000000
840, 588, 515, 11.1337700000000000, 2800, 0.0000000000000000
841, 588, 515, 37.1379400000000000, 2800, 0.0000000000000000
842, 588, 515, 15.5501600000000000, 2800, 0.0000000000000000
843, 531, 519, 24.5834800000000020, 2800, 0.0000000000000000
844, 531, 519, -6.0917729999999999, 2800, 0.0000000000000000
845, 531, 519, -1.7636190000000000, 2800, 0.0000000000000000
846, 531, 519, 5.4410590000000001, 2800, 0.0000000000000000
847, 519, 515, 19.0594299999999990, 2800, 0.1015625000000000
848, 519, 515, 16.6333500000000000, 2800, 0.1015625000000000
849, 519, 515, 20.4048799999999990, 2800, 0.1015625000000000
850, 519, 515, 16.0865000000000010, 2800, 0.1015625000000000
851, 816, 733, 19.0130599999999990, 50, 0.0468750000000000
852, 816, 733, 16.0277299999999980, 50, 0.0468750000000000
853, 816, 733, 22.0930000000000000, 50, 0.0468750000000000
854, 816, 733, 31.6488000000000010, 50, 0.0468750000000000
855, 816, 713, 20.7432699999999990, 50, 0.0722656250000000
856, 816, 713, 30.9639999999999990, 50, 0.0722656250000000
857, 816, 713, 31.3693600000000000, 50, 0.0722656250000000
858, 816, 713, 24.6127900000000000, 50, 0.0722656250000000
859, 824, 733, 24.5239400000000000, 50, 0.0351562500000000
860, 824, 733, 24.3949600000000010, 50, 0.0351562500000000
861, 824, 733, 12.8157400000000000, 50, 0.0351562500000000
862, 824, 733, 22.6561699999999990, 50, 0.0351562500000000
863, 725, 713, 25.7199500000000010, 50, 0.0156250000000000
864, 725, 713, 30.2535700000000000, 50, 0.0156250000000000
865, 725, 713, 23.5715700000000010, 50, 0.0156250000000000
866, 725, 713, 25.2573000000000010, 50, 0.0156250000000000
867, 824, 681, 31.2234500000000000, 50, 0.0078125000000000
868, 824, 681, 29.9735400000000000, 50, 0.0078125000000000
869, 824, 681, 21.0588500000000000, 50, 0.0078125000000000
870, 824, 681, 22.7104199999999990, 50, 0.0078125000000000
871, 831, 725, 20.8674199999999990, 50, 0.0234375000000000
872, 831, 725, 19.8467799999999990, 50, 0.0234375000000000
873, 831, 725, 16.4099900000000010, 50, 0.0234375000000000
874, 831, 725, 36.7629999999999980, 50, 0.0234375000000000
875, 761, 681, 12.5761900000000000, 50, 0.0175781250000000
876, 761, 681, 24.1436300000000020, 50, 0.0175781250000000
877, 761, 681, 20.2627099999999980, 50, 0.0175781250000000
878, 761, 681, 12.4501899999999990, 50, 0.0175781250000000
879, 831, 651, 29.0371500000000000, 50, 0.0449218750000000
880, 831, 651, 21.4428200000000010, 50, 0.0449218750000000
881, 831, 651, 23.0833900000000010, 50, 0.0449218750000000
882, 831, 651, 34.3222900000000020, 50, 0.0449218750000000
883, 761, 670, 13.3167800000000000, 50, 0.0175781250000000
884, 761, 670, 8.7152159999999999, 50, 0.0175781250000000
885, 761, 670, 16.6415100000000000, 50, 0.0175781250000000
886, 761, 670, 8.1887249999999998, 50, 0.0175781250000000
887, 799, 651, 17.6585100000000000, 50, 0.0078125000000000
888, 799, 651, 7.5233109999999996, 50, 0.0078125000000000
889, 799, 651, 9.6019129999999997, 50, 0.0078125000000000
890, 799, 651, 17.2234799999999990, 50, 0.0078125000000000
891, 764, 670, 8.7116779999999991, 50, 0.0175781250000000
892, 764, 670, 13.9214100000000000, 50, 0.0175781250000000
893, 764, 670, 16.0332499999999990, 50, 0.0175781250000000
894, 764, 670, 10.9253800000000010, 50, 0.0175781250000000
895, 799, 672, 25.3049299999999990, 50, 0.0195312500000000
896, 799, 672, 17.6583499999999990, 50, 0.0195312500000000
897, 799, 672, 5.4949170000000001, 50, 0.0195312500000000
898, 799, 672, 17.8466200000000010, 50, 0.0195312500000000
899, 772, 764, 10.4730100000000000, 50, 0.1406250000000000
900, 772, 764, 3.2764310000000001, 50, 0.1406250000000000
901, 772, 764, 7.4048670000000003, 50, 0.1406250000000000
902, 772, 764, -1.6623010000000000, 50, 0.1406250000000000
903, 848, 672, 3.7274250000000002, 50, 0.0117187500000000
904, 848, 672, 17.4081699999999980, 50, 0.0117187500000000
905, 848, 672, 17.7871099999999980, 50, 0.0117187500000000
906, 848, 672, 18.3193799999999990, 50, 0.0117187500000000
907, 772, 724, 17.6901800000000020, 50, 0.0078125000000000
908, 772, 724, 13.7728800000000010, 50, 0.0078125000000000
909, 772, 724, 10.0182699999999990, 50, 0.0078125000000000
910, 772, 724, 10.1851100000000000, 50, 0.0078125000000000
911, 848, 779, 15.5262400000000000, 50, 0.0351562500000000
912, 848, 779, 5.7948570000000004, 50, 0.0351562500000000
913, 848, 779, 19.9948699999999990, 50, 0.0351562500000000
914, 848, 779, 30.2514000000000000, 50, 0.0351562500000000
915, 724, 696, 18.3984899999999990, 50, 0.0644531250000000
916, 724, 696, 22.5013299999999990, 50, 0.0644531250000000
917, 724, 696, 21.1419700000000010, 50, 0.0644531250000000
918, 724, 696, 6.8602809999999996, 50, 0.0644531250000000
919, 779, 771, 18.5961700000000010, 50, 0.1542968750000000
920, 779, 771, 20.5285499999999990, 50, 0.1542968750000000
921, 779, 771, 16.2584100000000010, 50, 0.1542968750000000
922, 779, 771, 18.2404100000000010, 50, 0.1542968750000000
923, 735, 696, 4.0714319999999997, 50, 0.0429687500000000
924, 735, 696, 8.7007449999999995, 50, 0.0429687500000000
925, 735, 696, 12.6683900000000000, 50, 0.0429687500000000
926, 735, 696, 8.1307030000000005, 50, 0.0429687500000000
927, 771, 659, 12.8523200000000010, 50, 0.0351562500000000
928, 771, 659, 22.9116600000000010, 50, 0.0351562500000000
929, 771, 659, 19.6052199999999990, 50, 0.0351562500000000
930, 771, 659, 35.4716499999999970, 50, 0.0351562500000000
931, 841, 735, 20.2981900000000020, 50, 0.0273437500000000
932, 841, 735, 40.9308800000000020, 50, 0.0273437500000000
933, 841, 735, 9.9163499999999996, 50, 0.0273437500000000
934, 841, 735, 0.3198170000000000, 50, 0.0273437500000000
935, 673, 659, 24.3760200000000000, 50, 0.0273437500000000
936, 673, 659, 24.9091500000000000, 50, 0.0273437500000000
937, 673, 659, 37.1332700000000030, 50, 0.0273437500000000
938, 673, 659, 36.0112299999999980, 50, 0.0273437500000000
939, 842, 841, 37.6450299999999980, 50, 0.2617187500000000
940, 842, 841, 24.8421300000000010, 50, 0.2617187500000000
941, 842, 841, 26.6617199999999990, 50, 0.2617187500000000
942, 842, 841, 31.4859200000000000, 50, 0.2617187500000000
943, 720, 673, 13.0233800000000000, 50, 0.0156250000000000
944, 720, 673, 13.9305299999999990, 50, 0.0156250000000000
945, 720, 673, 16.2996599999999990, 50, 0.0156250000000000
946, 720, 673, 22.4481800000000010, 50, 0.0156250000000000
947, 842, 783, 22.9193399999999980, 50, 0.0234375000000000
948, 842, 783, 33.2454699999999970, 50, 0.0234375000000000
949, 842, 783, 15.9499300000000000, 50, 0.0234375000000000
950, 842, 783, 5.9622770000000003, 50, 0.0234375000000000
951, 795, 720, 11.6314499999999990, 50, 0.1152343750000000
952, 795, 720, 9.8352860000000000, 50, 0.1152343750000000
953, 795, 720, 14.2292500000000000, 50, 0.1152343750000000
954, 795, 720, 18.9987500000000010, 50, 0.1152343750000000
955, 783, 667, 16.0052300000000010, 50, 0.0195312500000000
956, 783, 667, 19.3858500000000010, 50, 0.0195312500000000
957, 783, 667, 12.7507800000000010, 50, 0.0195312500000000
958, 783, 667, 12.3234499999999990, 50, 0.0195312500000000
959, 795, 660, 12.8788199999999990, 50, 0.0468750000000000
960, 795, 660, 2.6767940000000001, 50, 0.0468750000000000
961, 795, 660, 4.4794679999999998, 50, 0.0468750000000000
962, 795, 660, 4.7222090000000003, 50, 0.0468750000000000
963, 732, 667, 17.5866399999999990, 50, 0.0371093750000000
964, 732, 667, 18.3598500000000020, 50, 0.0371093750000000
965, 732, 667, 1.9536389999999999, 50, 0.0371093750000000
966, 732, 667, 11.0314200000000010, 50, 0.0371093750000000
967, 803, 660, 2.1636669999999998, 50, 0.0292968750000000
968, 803, 660, -5.9022300000000003, 50, 0.0292968750000000
969, 803, 660, 2.6707679999999998, 50, 0.0292968750000000
970, 803, 660, -12.3329700000000000, 50, 0.0292968750000000
971, 806, 732, 16.3276399999999990, 50, 0.0136718750000000
972, 806, 732, -11.3584900000000000, 50, 0.0136718750000000
973, 806, 732, -0.3806430000000000, 50, 0.0136718750000000
974, 806, 732, 0.4728570000000000, 50, 0.0136718750000000
975, 803, 697, 22.0016600000000010, 50, 0.0156250000000000
976, 803, 697, 17.5067300000000010, 50, 0.0156250000000000
977, 803, 697, 19.1893999999999990, 50, 0.0156250000000000
978, 803, 697, 5.5417100000000001, 50, 0.0156250000000000
979, 810, 806, 13.6446799999999990, 50, 0.0468750000000000
980, 810, 806, 10.9970199999999990, 50, 0.0468750000000000
981, 810, 806, 20.5932800000000000, 50, 0.0468750000000000
982, 810, 806, 37.2415700000000030, 50, 0.0468750000000000
983, 792, 697, 16.9217900000000010, 50, 0.0292968750000000
984, 792, 697, 14.7204999999999990, 50, 0.0292968750000000
985, 792, 697, 24.5129200000000010, 50, 0.0292968750000000
986, 792, 697, 9.3030910000000002, 50, 0.0292968750000000
987, 810, 729, 24.4950200000000000, 50, 0.0527343750000000
988, 810, 729, 15.3789599999999990, 50, 0.0527343750000000
989, 810, 729, 29.2593400000000020, 50, 0.0527343750000000
990, 810, 729, 22.5917299999999980, 50, 0.0527343750000000
991, 792, 730, 12.6589399999999990, 50, 0.0058593750000000
992, 792, 730, 12.9398400000000000, 50, 0.0058593750000000
993, 792, 730, 16.5938500000000000, 50, 0.0058593750000000
994, 792, 730, 9.6852260000000001, 50, 0.0058593750000000
995, 729, 691, 6.9579459999999997, 50, 0.0468750000000000
996, 729, 691, 19.3306700000000010, 50, 0.0468750000000000
997, 729, 691, 28.5035200000000020, 50, 0.0468750000000000
998, 729, 691, 21.9739200000000000, 50, 0.0468750000000000
999, 796, 730, 6.0616760000000003, 50, 0.0976562500000000
1000, 796, 730, 22.9185300000000010, 50, 0.0976562500000000
1001, 796, 730, 22.4497600000000010, 50, 0.0976562500000000
1002, 796, 730, 3.8369260000000001, 50, 0.0976562500000000
1003, 711, 691, 2.1396389999999998, 50, 0.0566406250000000
1004, 711, 691, 14.6623699999999990, 50, 0.0566406250000000
1005, 711, 691, 11.6326300000000010, 50, 0.0566406250000000
1006, 711, 691, 29.2986000000000000, 50, 0.0566406250000000
1007, 833, 796, 7.9409159999999996, 50, 0.0332031250000000
1008, 833, 796, 11.1206900000000000, 50, 0.0332031250000000
1009, 833, 796, 28.1614000000000000, 50, 0.0332031250000000
1010, 833, 796, 9.6901499999999992, 50, 0.0332031250000000
1011, 815, 711, 23.8402999999999990, 50, 0.0722656250000000
1012, 815, 711, 11.6060599999999990, 50, 0.0722656250000000
1013, 815, 711, 26.2971499999999980, 50, 0.0722656250000000
1014, 815, 711, 16.2602200000000000, 50, 0.0722656250000000
1015, 833, 825, 39.9559599999999970, 50, 0.1757812500000000
1016, 833, 825, 29.6175900000000000, 50, 0.1757812500000000
1017, 833, 825, 17.4589000000000000, 50, 0.1757812500000000
1018, 833, 825, 33.8057299999999970, 50, 0.1757812500000000
1019, 815, 654, 9.9278700000000004, 50, 0.0468750000000000
1020, 815, 654, 6.7728729999999997, 50, 0.0468750000000000
1021, 815, 654, 13.1239399999999990, 50, 0.0468750000000000
1022, 815, 654, 12.0374400000000000, 50, 0.0468750000000000
1023, 825, 679, 22.1572800000000000, 50, 0.0078125000000000
1024, 825, 679, 12.2509999999999990, 50, 0.0078125000000000
1025, 825, 679, 25.4002100000000010, 50, 0.0078125000000000
1026, 825, 679, 23.7905400000000000, 50, 0.0078125000000000
1027, 753, 654, 11.0051400000000010, 50, 0.0351562500000000
1028, 753, 654, 12.1285500000000010, 50, 0.0351562500000000
1029, 753, 654, 10.6839099999999990, 50, 0.0351562500000000
1030, 753, 654, 18.3804300000000000, 50, 0.0351562500000000
1031, 751, 679, -0.6474800000000001, 50, 0.0097656250000000
1032, 751, 679, 4.9893689999999999, 50, 0.0097656250000000
1033, 751, 679, 19.3106699999999980, 50, 0.0097656250000000
1034, 751, 679, 5.8063339999999997, 50, 0.0097656250000000
1035, 753, 721, 10.5742400000000000, 50, 0.0410156250000000
1036, 753, 721, 8.9921340000000001, 50, 0.0410156250000000
1037, 753, 721, 20.4288899999999990, 50, 0.0410156250000000
1038, 753, 721, 23.0460900000000000, 50, 0.0410156250000000
1039, 782, 751, 19.2628100000000020, 50, 0.0410156250000000
1040, 782, 751, 3.1313800000000001, 50, 0.0410156250000000
1041, 782, 751, 10.9472400000000010, 50, 0.0410156250000000
1042, 782, 751, 20.1208199999999980, 50, 0.0410156250000000
1043, 721, 715, 13.7997099999999990, 50, 0.0488281250000000
1044, 721, 715, 28.8982899999999990, 50, 0.0488281250000000
1045, 721, 715, 19.4468800000000000, 50, 0.0488281250000000
1046, 721, 715, 21.0455100000000000, 50, 0.0488281250000000
1047, 782, 715, 14.1734000000000010, 50, 0.0097656250000000
1048, 782, 715, 22.2393199999999990, 50, 0.0097656250000000
1049, 782, 715, 24.2066000000000020, 50, 0.0097656250000000
1050, 782, 715, 28.0894499999999990, 50, 0.0097656250000000
